"","Aaron","eb0d"
"","Abarim","e38b"
"","Abda","e7e3"
"","Abdeel","e8fc"
"","Abdi","e698"
"","Abdiel","e626"
"","Abdon_man","e51c"
"","Abdon_village","e605"
"","Abeizer","e557"
"","Abel","ea96"
"","Abel_Beth_Maakah","e5cb"
"","Abel_Keramim","e558"
"","Abel_Meholah","e5c3"
"","Abel_Mizraim","efa9"
"","Abiasaph","e2dd"
"","Abiathar","e35f"
"","Abida","eef8"
"","Abidan","e1f7"
"","abide","e17b"
"","Abiel","e7dc"
"","Abiezer","e464"
"","Abigail","e5c4"
"","Abihail_man","e1f8"
"","Abihail_woman","ef15"
"","Abihu","e2de"
"","Abihud","e699"
"","Abijah_man","ea5b"
"","Abijah_woman","e613"
"","Abilene","ec4d"
"","Abimael","e0fb"
"","Abimelech","e0ab"
"","Abinadab","e4e6"
"","Abinoam","e56b"
"","Abiram","e480"
"","Abishag","e4ac"
"","Abishai","e6cb"
"","Abishua","e69a"
"","Abishur","e753"
"","Abital","e721"
"","Abitub","e65f"
"","Abiud","ea6a"
"","Abner","e484"
"","abomination","e0a4"
"","about","e11b"
"","above","e110"
"","Abraham","e373"
"","Abram","e1d1"
"","Abronah","e3d6"
"","Absalom","e4ad"
"","abyss","ec4e"
"","according_to","e24d"
"","accuse","e055"
"","Achaia","eb7c"
"","Achaicus","eca5"
"","Achan","e4f5"
"","Achim","ea6e"
"","Achish","e45e"
"","Achor","e4cc"
"","Adadah","e4cd"
"","Adah","eda7"
"","Adaiah","e5f4"
"","Adam_man","ec4f"
"","Adam_village","e4f6"
"","Adamah","e5a1"
"","Adami_Nekeb","e5b1"
"","Adbeel","e0fe"
"","Addar","e4ce"
"","Addi","ec50"
"","Addumim","e4cf"
"","Adiel","e5f5"
"","Adin","e826"
"","Adina","e7fc"
"","Adithaim","e4d0"
"","Adlai","e87b"
"","Admah","eda8"
"","Admin","ec51"
"","Adnah","e782"
"","Adoni_Zedek","e427"
"","Adonijah","e4ae"
"","Adoniram","e7e4"
"","adopt","e177"
"","Adoraim","e74f"
"","Adrammelek","e6a2"
"","Adramyttium","eb93"
"","Adriatic_Sea","ec17"
"","Adriel","e5c5"
"","Adullam","efaa"
"","adultery","e027"
"","Aeneas","ec2a"
"","Aenon","eba1"
"","afraid","e056"
"","after","e11d"
"","Agabus","eb89"
"","Agag","e3e0"
"","against","e330"
"","Agee","e7f1"
"","Agrippa","eb9d"
"","Agur","e6c8"
"","Ahab","e60d"
"","Aharhel","e722"
"","Ahasbai","e7f2"
"","Ahasuerus","e48f"
"","Ahava","e975"
"","Ahaz","ea61"
"","Ahaziah","e614"
"","Ahban","e754"
"","Ahi","e627"
"","Ahiam","e7fd"
"","Ahian","e757"
"","Ahiezer","e2ab"
"","Ahihud","e3e1"
"","Ahijah","e7e5"
"","Ahikam","e689"
"","Ahilud","e7e6"
"","Ahimaaz","e7e7"
"","Ahiman","e2ac"
"","Ahimelech","e45f"
"","Ahimoth","e660"
"","Ahinadab","e7e8"
"","Ahinoam","e7e9"
"","Ahio","e5f6"
"","Ahira","e2f4"
"","Ahiram","e3a1"
"","Ahisamak","e0bb"
"","Ahishahar","e758"
"","Ahishar","e960"
"","Ahithophel","e7f3"
"","Ahitub","e7dd"
"","Ahlab","e56c"
"","Ahlai","e759"
"","Ahumai","e723"
"","Ahuzzam","e724"
"","Ahuzzath","eda9"
"","Ahzai","e87f"
"","Ai","edaa"
"","Aiah","e0fd"
"","Aijalon","e428"
"","Ain","e3e6"
"","air","e312"
"","Akan","efe5"
"","Akbor","e0ed"
"","Akkad","edab"
"","Akko","e56d"
"","Akkub","e725"
"","Akrabbim","e3d7"
"","Aksah","e4d1"
"","Akshaph","e43b"
"","Akzib","e48e"
"","alabaster","e0d4"
"","Alemeth_man","e5f8"
"","Alexander","ea14"
"","Alexandria","eb5a"
"","alive","e09f"
"","all","e251"
"","Allammelek","e5a9"
"","Allon","e700"
"","Allon_Bakuth","efab"
"","allow","e04a"
"","Almodad","edac"
"","Almon","e4f7"
"","Almon_Diblathaim","e3d8"
"","alone","e223"
"","Alphaeus","ec24"
"","altar","ea3c"
"","Alush","e3d9"
"","Alvah","efe6"
"","Alvan","efe8"
"","always","e252"
"","Amad","e59a"
"","Amal","e75a"
"","Amalek_man","efe9"
"","Amam","e4d2"
"","Amariah","e526"
"","Amasa","e961"
"","Amasai","e661"
"","Amashsai","e880"
"","Amasiah","e783"
"","amazed","e14a"
"","Amaziah","e450"
"","ambassador","ebfd"
"","amen","e100"
"","Amittai","e1cf"
"","Ammah","e6d3"
"","Ammiel","e2ad"
"","Ammihud","e2ae"
"","Amminadab","ea51"
"","Ammishaddai","e2af"
"","Ammizabad","e87c"
"","Ammon","edae"
"","Amnon","e727"
"","Amok","e881"
"","Amon","ea64"
"","Amorites","edaf"
"","Amos","ec47"
"","Amoz","e5ca"
"","Amphipolis","eb2e"
"","Ampliatus","ebb9"
"","Amram","e2df"
"","Amraphel","edb1"
"","Anab","e4d3"
"","Anah","e0ba"
"","Anaharath","e59b"
"","Anaiah","ef29"
"","Anak","e2b0"
"","Anam","edb2"
"","Anan","e882"
"","Anani","e702"
"","Ananiah_man","e883"
"","Ananiah_village","ef27"
"","Ananias","eb65"
"","Anath","e56e"
"","Anathoth_man","e75b"
"","Anathoth_village","e4f8"
"","ancestor","ec80"
"","and","e11c"
"","Andrew","e357"
"","Andronicus","ebba"
"","Aner_man","edb3"
"","angel","e0a7"
"","anger","e204"
"","Aniam","e75c"
"","Anim","e4d4"
"","animal","e102"
"","Anna","eb02"
"","Annas","eb63"
"","anointed","e033"
"","another","ebf2"
"","Anthothijah","e662"
"","Antichrist","ed0e"
"","Antioch","eb58"
"","Antipas","ec01"
"","Antipatris","eb9a"
"","Anub","e703"
"","Apelles","ebbb"
"","Aphek","e43c"
"","Aphekah","e4d5"
"","Aphiah","e6cc"
"","Apollonia","eb30"
"","Apollos","eb3e"
"","apostle","ebef"
"","Appaim","e75d"
"","Apphia","ecf1"
"","appointed","e041"
"","Aquila","eb17"
"","Ar","e3a2"
"","Ara","e75e"
"","Arab","e4d6"
"","Arabia","eb77"
"","Arad_man","e3a3"
"","Arad_village","e3e7"
"","Arah_land","e545"
"","Arah_man","e75f"
"","Aram_man","edb4"
"","Aran","e0fa"
"","Ararat","edb5"
"","Araunah","e7f4"
"","Archippus","ece7"
"","Ard","e0ff"
"","Ardon","e760"
"","Areli","efac"
"","Areopagus","ec35"
"","Aretas","eca6"
"","Argob_land","e495"
"","Argob_man","e71e"
"","argument","e057"
"","Arieh","e6a3"
"","Ariel","e7fe"
"","Arimathea","e34d"
"","Arioch","edb6"
"","arise","e322"
"","Aristarchus","ec10"
"","Aristobulus","ebbc"
"","Arkites","edb7"
"","arm","e14e"
"","Armoni","e752"
"","armor","ebbd"
"","Arnan","e704"
"","Arni","ec52"
"","Arnon","e2f5"
"","Arodi","e168"
"","Aroer","e3c5"
"","around","e31b"
"","Arpad","e615"
"","Arphaxad","ec53"
"","arrow","ecbf"
"","Artaxerxes","e884"
"","Artemas","ec34"
"","Arubboth","e962"
"","Arumah","e56f"
"","Arvad","edb8"
"","Arza","e690"
"","Asa","ea5c"
"","Asahel","e6d4"
"","Asaiah","e5f9"
"","Asaph","e5fa"
"","Asarel","e705"
"","Asenath","efad"
"","ash","ea90"
"","ashamed","e05f"
"","Ashan","e4d7"
"","Asharelah","e87d"
"","Ashbel","efae"
"","Ashdod","e451"
"","Asher_land","e606"
"","Asher_man","ebde"
"","Asherah","e0bc"
"","Ashhur","ebdd"
"","Ashkelon","e452"
"","Ashkenaz","edb9"
"","Ashnah","e4d8"
"","Ashpenaz","e867"
"","Ashtaroth","e429"
"","Ashteroth_Karnaim","edba"
"","Ashur_land","e0ef"
"","Ashur_man","edbb"
"","Ashurbanipal","e923"
"","Ashvath","e761"
"","Asia","eb6f"
"","Asiel","e706"
"","Asnah","e827"
"","Asriel","e3a4"
"","Asshurites","e1ef"
"","Assir","e2bf"
"","Assos","eb20"
"","assurance","e070"
"","Assyria","edbc"
"","Asyncritius","ebbe"
"","Atad","efaf"
"","Atarah","e762"
"","Ataroth","e3c6"
"","Ataroth_Addar","e465"
"","Ataroth_Shophan","e3c7"
"","Ater","e828"
"","Athaiah","e885"
"","Athaliah_man","e663"
"","Athaliah_woman","e616"
"","Atharim","e3a5"
"","Athens","eb07"
"","Athlai","e924"
"","Attai","e750"
"","Attalia","eb31"
"","authority","e034"
"","avenge","ed0c"
"","Avith","efea"
"","Avvites","e496"
"","awake","ec54"
"","away","e11e"
"","Awel_Marduk","e7cc"
"","Azaliah","e68a"
"","Azaniah","e886"
"","Azarel","e7ff"
"","Azariah","e972"
"","Azariahu","e989"
"","Azaz","ef20"
"","Azaziah","e763"
"","Azbuk","e8ed"
"","Azekah","e42a"
"","Azel","e5fb"
"","Azgad","e829"
"","Aziza","e8d9"
"","Azmaveth_man","e5fc"
"","Azmaveth_village","e5c7"
"","Azmon","e3da"
"","Azor","ea6c"
"","Azotus","eb7e"
"","Azriel","e628"
"","Azrikam","e5fd"
"","Azubah","e69c"
"","Azzan","e3e2"
"","Azzur","e887"
"","Baal","ebbf"
"","Baal_Gad","e44b"
"","Baal_Hanan","e169"
"","Baal_Hazor","e7f5"
"","Baal_man","e5fe"
"","Baal_Meon","e3c8"
"","Baal_Shalishah","e6a4"
"","Baal_Zephon","e0bd"
"","Baalah","e4d9"
"","Baalis","e8fd"
"","Baanah","e488"
"","Baara","e664"
"","Baaseiah","e665"
"","Baasha","e5cc"
"","baby","e0a6"
"","Babylon","ea67"
"","backward","e325"
"","bad","e17d"
"","bag","e26f"
"","Bahurim","e963"
"","Bakbakkar","e5ff"
"","Bakbuk","e82a"
"","Bakbukiah","e888"
"","Balaam","eca1"
"","Baladan","e6a5"
"","Balak","ebff"
"","Bamoth_land","e3c0"
"","Bani","e600"
"","bank","ec55"
"","banner","e2b1"
"","baptize","e24a"
"","Barabbas","e36d"
"","Barachiah","ea97"
"","Barak","ed02"
"","Barakel","e862"
"","Bariah","e728"
"","Barkos","e82b"
"","Barnabas","ec2f"
"","Barsabbas","eb69"
"","Bartholomew","e362"
"","Bartimaeus","e36b"
"","Baruch","e889"
"","Barzillai","e964"
"","Basemath","edbd"
"","Bashan","e3a6"
"","basket","e19f"
"","Bathsheba","e4af"
"","Bazluth","e82c"
"","Bealiah","e800"
"","Bealoth","e4da"
"","bear","ecef"
"","bear_with","e227"
"","beast","e103"
"","beat","e0e4"
"","beauty","ea4a"
"","Bebai","e82d"
"","because","e066"
"","become_person","e83a"
"","become_thing","e839"
"","bed","e122"
"","Bedad","e1ee"
"","Bedeiah","e8da"
"","Beer","e3a7"
"","Beer_Lahai_Roi","eef9"
"","Beerah","e629"
"","Beeri","edbe"
"","Beeroth","e42b"
"","Beersheba","edbf"
"","before","e107"
"","beg","e21e"
"","behind","e116"
"","Beker","efb1"
"","Bekorath","e6cd"
"","Bela_man","e1ed"
"","Bela_village","edc1"
"","believe","e06f"
"","bell","e0be"
"","Belshazzar","e868"
"","belt","e29d"
"","Ben_Abinadab","e965"
"","Ben_Ammi","edc2"
"","Ben_Deker","e966"
"","Ben_Hadad","e453"
"","Ben_Hail","e784"
"","Ben_Hanan","e708"
"","Ben_Hesed","e967"
"","Ben_Hinnom","e4db"
"","Ben_Hur","e968"
"","Ben_oni","e1a4"
"","Ben_Zoheth","ef33"
"","Benaiah","e4b0"
"","Bene_Berak","e59c"
"","Bene_Jaakan","e3db"
"","Beninu","e88a"
"","Benjamin_land","e5cd"
"","Benjamin_man","eb4b"
"","Beno","e7d1"
"","Beon","e3c9"
"","Beor","eda3"
"","Bera","edc3"
"","Beraiah","e666"
"","Berakah","e801"
"","Berea","eb13"
"","Bered_city","e2d0"
"","Bered_man","efb2"
"","Berekiah","e977"
"","Beri","e764"
"","Beriah","efb3"
"","Bernice","eb9e"
"","Berothai","e718"
"","Besai","e82e"
"","beside","e117"
"","Besodeiah","ef28"
"","best","e21f"
"","Beten","e59d"
"","Beth_Anath","e4dc"
"","Beth_Arabah","e4b8"
"","Beth_Arbel","e6c4"
"","Beth_Ashbea","e709"
"","Beth_Aven","e546"
"","Beth_Baal_Meon","e547"
"","Beth_Barah","e571"
"","Beth_Dagon","e4b9"
"","Beth_Diblathaim","e8fe"
"","Beth_Eden","e454"
"","Beth_Emek","e59e"
"","Beth_Ezel","e43a"
"","Beth_Gamul","e8ff"
"","Beth_Hakkerem","e88b"
"","Beth_Haran","e479"
"","Beth_Hoglah","e4ba"
"","Beth_Horon","e42c"
"","Beth_Jeshimoth","e3dc"
"","Beth_Leaphrah","e491"
"","Beth_Markaboth","e59f"
"","Beth_Meon","e900"
"","Beth_Millo","e572"
"","Beth_Pazzez","e5a0"
"","Beth_Pelet","e4bb"
"","Beth_Peor","e423"
"","Beth_Rapha","e70a"
"","Beth_Shan","e4e7"
"","Beth_Shemesh","e4f9"
"","Beth_Shittah","e573"
"","Beth_Zur_city","e766"
"","Beth_Zur_man","eb79"
"","Bethany","e349"
"","Bethel","edc4"
"","Bethesda","eba0"
"","Bethlehem_man","e765"
"","Bethlehem_village","ea45"
"","Bethphage","e348"
"","Bethsaida","e340"
"","Bethuel_city","e1e0"
"","Bethuel_man","e1a0"
"","Betonim","e548"
"","betray","e195"
"","better","e09e"
"","between","e118"
"","Bezalel","e0bf"
"","Bezek","e574"
"","Bezer_man","e767"
"","Bezer_village","e466"
"","Bible","e22c"
"","Bidkar","e617"
"","big","e120"
"","Bigthana","e492"
"","Bigvai","e82f"
"","Bikri","e719"
"","Bildad","e7c8"
"","Bilgah","e7d2"
"","Bilgai","e88c"
"","Bilhah_village","e707"
"","Bilhah_woman","eefa"
"","Bilhan","efeb"
"","Bilshan","e830"
"","Bimhal","e768"
"","Binea","e601"
"","Binnui","e88d"
"","bird","e25c"
"","Birsha","edc5"
"","birth","e235"
"","Birzaith","e769"
"","Bishlam","e8db"
"","Bithiah","ef13"
"","Bithynia","eb48"
"","bitter","ecd2"
"","Biziothiah","e4bc"
"","black","eb86"
"","blasphemy","e05b"
"","Blastus","eb8d"
"","bless","e05c"
"","blessed","ea21"
"","blind","e192"
"","blood","e087"
"","blue","ecda"
"","boast","e14b"
"","boat","e265"
"","Boaz","ea54"
"","body","e143"
"","Bohan","e4bd"
"","Bokeru","e602"
"","Bokim","e575"
"","bone","e0b2"
"","book","e22a"
"","bottom","e119"
"","bow","e210"
"","bow_arrow","ecc8"
"","bowl","e384"
"","box","e29e"
"","boy","e001"
"","boys","e002"
"","Bozkath","e4be"
"","Bozrah","efec"
"","branch","e246"
"","brave","e196"
"","bread","e05d"
"","break","e0e1"
"","breast","e2db"
"","breastplate","ecd5"
"","breath","ecee"
"","bribe","ebdb"
"","brick","eefb"
"","bride","e015"
"","bright","e21b"
"","bring","e088"
"","bronze","eb2c"
"","brother","e006"
"","brothers","e007"
"","Bubastis","e922"
"","build","e17a"
"","building","e0a1"
"","Bukki","e3e3"
"","Bunah","e76a"
"","Bunni","e88e"
"","burden","ec86"
"","burn","ecd0"
"","bury","e0d7"
"","but","e11a"
"","buy","e32a"
"","Buz","e1a5"
"","Buzi","e8f1"
"","Caesar","e370"
"","Caesarea","e346"
"","Caiaphas","ea77"
"","Cainan","ec56"
"","Calah","edc6"
"","Caleb","e2b2"
"","call","e040"
"","camel","e29f"
"","Cana","eba2"
"","Canaan_land","e33d"
"","Canaan_man","edc7"
"","Candace","eb85"
"","Capernaum","e33a"
"","Cappadocia","eb74"
"","Carchemish","e714"
"","careful","e19e"
"","Carmel","e43d"
"","carpenter","e14f"
"","Carpus","ecad"
"","case","ec87"
"","catch","e115"
"","Cauda","ec36"
"","cave","eda6"
"","Cenchrea","eb3d"
"","census","e0b8"
"","centurion","eb7a"
"","ceremony","ec88"
"","chain","e25f"
"","chair","e298"
"","Chaldea","eb0e"
"","change","e31e"
"","chapter","e230"
"","chariot","ec82"
"","Chemosh","e3a8"
"","chew_cud","e2da"
"","child","e200"
"","children","e201"
"","Chios","eb22"
"","Chloe","ebe2"
"","choose","e021"
"","Chorazin","ea8f"
"","Christ","e334"
"","Christian","eb90"
"","Chronicles","e419"
"","church","ebfc"
"","Chuza","ec57"
"","Cilicia","eb5b"
"","circle","ee06"
"","circumcise","e250"
"","citizen","eb98"
"","Claudia","ecae"
"","Claudius","eb8a"
"","clay","ebec"
"","clean","e248"
"","Clement","ece3"
"","Cleopas","ec58"
"","cloak","ea76"
"","Clopas","ebb5"
"","closed","e23f"
"","clothe","e147"
"","clothing","e253"
"","cloud","e26e"
"","Cnidus","ec14"
"","cohort","e148"
"","cold","e0f2"
"","color","e284"
"","Colossae","ece8"
"","come","e25a"
"","comfort","ea3b"
"","comma","ee01"
"","command","e058"
"","complete","ecec"
"","concubine","eefc"
"","condemn","ea7f"
"","confuse","eb08"
"","control","e332"
"","Corinth","ea59"
"","Cornelius","eb81"
"","corner","eb83"
"","cornerstone","e21c"
"","correct","e09a"
"","Cosam","ec59"
"","couch","eb5f"
"","council","e0f7"
"","country","e0a2"
"","countrymen","e157"
"","countryside","eb96"
"","courtyard","e0f6"
"","covenant","e21d"
"","cover","e39a"
"","cow","eb36"
"","creation","ebc3"
"","Creator","ec22"
"","Crescan","ecaf"
"","Crete","ec8d"
"","Crispus","eb3a"
"","crooked","eb39"
"","cross","e038"
"","crowd","e128"
"","crown","eda4"
"","crucify","e03c"
"","crush","e146"
"","cry","e20c"
"","cup","e274"
"","curse","e05a"
"","curtain","e254"
"","Cush_land","e1e2"
"","Cush_man","edca"
"","Cushan_Rishathaim","e47b"
"","Cushi","e610"
"","custom","eb10"
"","cymbal","ebe3"
"","cypress","edcb"
"","Cyprus","eb88"
"","Cyrene","eb59"
"","Cyrus","e831"
"","Dabbesheth","e5a2"
"","Dagon","e4e8"
"","Dalmanutha","e344"
"","Dalmatia","ecb1"
"","Damaris","eb37"
"","Damascus","ec31"
"","Dan_land","edcc"
"","Dan_man","edcd"
"","dance","e259"
"","Daniel","ea78"
"","Dannah","e4bf"
"","Darda","e969"
"","Darius","e490"
"","dark","ea17"
"","Darkon","e832"
"","Dathan","e2f7"
"","daughter","e00c"
"","daughters","e00d"
"","David","e35e"
"","dead","e181"
"","deaf","e191"
"","Debir_city","e43e"
"","Debir_man","e42d"
"","Deborah","efb5"
"","Decapolis","e33e"
"","deceive","e17f"
"","deceiver","e152"
"","Dedan_man","edce"
"","Dedan_village","e7ca"
"","deep","e321"
"","deer","efb6"
"","Delaiah","e70c"
"","Delilah","e576"
"","Demes","ecb2"
"","Demetrius","eb1a"
"","demon","eb87"
"","denarius","e165"
"","deny","e0e5"
"","Derbe","eb43"
"","descend","e317"
"","descendant","eb60"
"","desire","e020"
"","Deuel","e2b3"
"","Diblaim","e595"
"","Dibon","e3a9"
"","Dibon_Gad","e3e8"
"","Dibri","e2ef"
"","Didymus","ebb6"
"","different","ecff"
"","difficult","e093"
"","Diklah","e1ac"
"","Dilean","e4c0"
"","Dimonah","e4c1"
"","Dinah","efb7"
"","Dinhabah","efed"
"","Dionysius","eb78"
"","Diotrephes","ece2"
"","direction","e323"
"","dirt","e15b"
"","dirty","e249"
"","disciple","e142"
"","discipline","eda5"
"","discourage","e261"
"","Dishan","e1ec"
"","Dishon","efee"
"","disobey","e193"
"","divide","e326"
"","divorce","ea3d"
"","Dizahab","e481"
"","doctor","e144"
"","Dodanim","edcf"
"","Dodavahu","e812"
"","Dodo","e51d"
"","Doeg","e460"
"","dog","e104"
"","dominion","e032"
"","donkey","ea09"
"","door","e23e"
"","Dophkah","e3dd"
"","Dor","e43f"
"","Dorcas","ec2c"
"","Dothan","efa3"
"","doubt","e194"
"","dough","ea36"
"","dove","e25e"
"","down","e319"
"","dragon","ecdf"
"","dream","ea80"
"","drunk","ea8d"
"","Drusilla","eb9c"
"","dry","e188"
"","Dumah_man","eefd"
"","Dumah_village","e64e"
"","dust","e15d"
"","eagle","ecc9"
"","ear","e299"
"","earn","e0f5"
"","earthquake","e159"
"","east","ea38"
"","easy","e092"
"","eat","e053"
"","Ebal","efef"
"","Ebed","e577"
"","Ebed_Melek","e901"
"","Eber_land","e497"
"","Eber_man","ec5a"
"","Ebez","e5a3"
"","Ecbatana","e833"
"","Eden_garden","edd2"
"","Eden_man","e1e9"
"","Eden_village","e6a6"
"","Eder_man","e76b"
"","Eder_village","e4c2"
"","Edom_land","e1a7"
"","Edom_man","e1a6"
"","Edrei","e474"
"","egg","e482"
"","Eglah","e70d"
"","Eglaim","e8b9"
"","Eglon_man","e60c"
"","Eglon_village","e42e"
"","Egypt","ea44"
"","Ehi","efb8"
"","Ehud","e578"
"","eight","e293"
"","Eker","e76c"
"","Ekron","e455"
"","El","edd3"
"","El_Elohe","e1e4"
"","Elah","e1a9"
"","Elam_land","eb6d"
"","Elam_man","edd4"
"","Elath","e498"
"","Eldaah","e1e3"
"","Eldad","e2b4"
"","elder","eb62"
"","Elead","e76d"
"","Eleadah","e76e"
"","Elealeh","e3ca"
"","Eleasah","e603"
"","Eleazar","ea70"
"","elect","ec9f"
"","Elhanan","e70e"
"","Eli","ec44"
"","Eliab","e2b5"
"","Eliada","e5cf"
"","Eliahba","e802"
"","Eliakim","ea6b"
"","Eliashib","e70f"
"","Eliathah","e855"
"","Elidad","e3e4"
"","Eliehoenai","e667"
"","Eliel","e62a"
"","Elienai","e668"
"","Eliezer","ec5b"
"","Elihoreph","e96a"
"","Elihu","e4e9"
"","Elijah","e36a"
"","Elika","e7f6"
"","Elim","e0ca"
"","Elimelek","e41e"
"","Eliphaz","eff1"
"","Eliphelehu","e76f"
"","Eliphelet","e669"
"","Elisha","ec5c"
"","Elishama","e2b7"
"","Elishaphat","e919"
"","Elisheba","e3b5"
"","Elishua","e6d6"
"","Eliud","ea6f"
"","Elizabeth","ec3a"
"","Elizaphan","e2b8"
"","Elizur","e1fa"
"","Elkanah","e2c0"
"","Elkosh","e378"
"","Ellasar","edd6"
"","Elmadam","ec5d"
"","Elnaam","e803"
"","Elnathan","e6a7"
"","Elon","edd7"
"","Elpaal","e66a"
"","Eltekeh","e4fa"
"","Eltekon","e4c3"
"","Eltolad","e4c4"
"","Eluzai","e804"
"","Elzabad","e66b"
"","Elzaphan","e2f0"
"","Emek_Keziz","e64f"
"","Emites","efa8"
"","Emmaus","ec5e"
"","empty","e277"
"","En_Eglaim","e8f2"
"","En_Gannim","e4fb"
"","En_Gedi","e4c5"
"","En_Haddah","e5a4"
"","En_Rogel","e4b1"
"","En_Shemesh","e4c6"
"","Enam","e4c7"
"","Enan","e2b9"
"","encourage","e262"
"","end","e232"
"","Endor","e467"
"","endure","e170"
"","enemy","e025"
"","Enoch","ec5f"
"","Enos","ec60"
"","enter","e242"
"","envy","e022"
"","Epaenetus","ebc1"
"","Epaphroditus","ece4"
"","Ephah_man","e1ad"
"","Ephah_woman","ef16"
"","Ephai","e902"
"","Epher","eefe"
"","Ephes_Dammim","e6ce"
"","Ephesus","ec0c"
"","Ephlal","e770"
"","Ephod","e475"
"","Ephraim_land","eba4"
"","Ephraim_man","eba3"
"","Ephrath","efba"
"","Ephrathah","e710"
"","Ephron_man","eeff"
"","Epicurean","ec05"
"","Er","ec61"
"","Eran","e3aa"
"","Erastus","ec0e"
"","Erech","edd9"
"","Eri","e1ae"
"","Esarhaddon","e6a8"
"","Esau","ebc2"
"","Esek","edda"
"","Eshan","e4c8"
"","Eshban","eff2"
"","Eshek","e66c"
"","Eshkol_land","e3cb"
"","Eshkol_man","eddb"
"","Eshtaol","e4c9"
"","Eshtemoa_man","e711"
"","Eshtemoa_village","e4fc"
"","Eshtemoh","e4ca"
"","Eshton","e712"
"","Esli","ec49"
"","Esther","e49f"
"","Etam","e579"
"","Eth_Kazin","e5a5"
"","Etham","e2c2"
"","Ethan","e95e"
"","Ethbaal","e915"
"","Ether","e4cb"
"","Ethiopia","ec32"
"","Ethnan","e713"
"","Ethni","e66d"
"","Eubulus","ecb3"
"","Eunice","ecb4"
"","eunuch","eb8f"
"","Euodia","ece5"
"","Euphrates_River","ecd8"
"","Eutychus","eb1f"
"","evangelist","e13f"
"","Eve","ebeb"
"","evening","e273"
"","everyone","e140"
"","everything","e114"
"","everywhere","e155"
"","Evi","e3c2"
"","example","ecf0"
"","exclamaition_point","ee02"
"","explain","e059"
"","eye","e238"
"","Ezbai","e805"
"","Ezbon","e1aa"
"","Ezekiel","e998"
"","Ezem","e508"
"","Ezer","e1ab"
"","Ezion_Geber","e3e9"
"","Ezra","e4df"
"","Ezri","e856"
"","face","e203"
"","Fair_Haven","ec18"
"","faithful","e219"
"","fall","e218"
"","family","e176"
"","famine","e18d"
"","far","e197"
"","farewell","ec83"
"","farm","eb91"
"","fast_no_eat","e18e"
"","fast_speed","e21a"
"","fat","ea86"
"","fat_animal","eb11"
"","father","e003"
"","feast","e054"
"","Felix","eb99"
"","festival","e20b"
"","fig","eda2"
"","fill","e278"
"","find","e101"
"","finger","eba5"
"","fire","e301"
"","first","e233"
"","fish","e263"
"","fisherman","e264"
"","five","e290"
"","fix","e09d"
"","flesh","e26b"
"","flip","e31d"
"","flood","ece0"
"","flour","ea35"
"","flower","eb24"
"","flute","ea8b"
"","fly","e25b"
"","follow","e13e"
"","fool","ea7c"
"","foot","e13d"
"","foreigner","e158"
"","forest","ec27"
"","forgive","e18f"
"","Fortunatus","eca4"
"","forward","e318"
"","foundation","e179"
"","four","e28f"
"","fox","ea8a"
"","free","e260"
"","free_no_cost","ebe4"
"","friend","e024"
"","frog","ecf6"
"","from","e31a"
"","fruit","e27e"
"","fulfill","e0d2"
"","full","e276"
"","futile","e190"
"","future","e16e"
"","Gaal","e57a"
"","Gaash","e4fd"
"","Gabbai","e88f"
"","Gabriel","ec39"
"","Gad","ecbd"
"","Gadara","e33f"
"","Gaddi","e2ba"
"","Gaddiel","e2bb"
"","Gaham","efbb"
"","Gahar","e834"
"","Gaius","ec0f"
"","Galal","e604"
"","Galatia","eb46"
"","Galeed","efbc"
"","Galilee","e337"
"","Gallim","e7ea"
"","Gallio","eb3b"
"","Gamaliel","eb4d"
"","Gamul","e7d3"
"","garden","eddc"
"","Gareb","e806"
"","Gatam","eff3"
"","gate","e289"
"","Gath","e461"
"","Gath_Hepher","e65c"
"","Gath_Rimmon","e4fe"
"","gathered","e108"
"","Gaza","eb7f"
"","Gazez","e771"
"","Gazzam","e835"
"","Geba","e4ff"
"","Gebal","e549"
"","Geber","e96b"
"","Gebim","e715"
"","Gedaliah","e52a"
"","Geder","e440"
"","Gedor","e5dd"
"","Gehazi","e618"
"","Gemalli","e2bc"
"","Gemariah","e903"
"","generation","e019"
"","Gennesaret","e341"
"","gentle","e26d"
"","Genubath","e5d0"
"","Gera","efbd"
"","Gerar","eddd"
"","Gershom","e0cb"
"","Gershon","efbe"
"","Geruth_Kimham","e7f0"
"","Geshan","e772"
"","Geshem","e890"
"","Geshur","e499"
"","Gether","edde"
"","Gethsemane","e34a"
"","Geuel","e1fb"
"","Gezer","e42f"
"","Gibbethon","e500"
"","Gibea","e773"
"","Gibeah","e501"
"","Gibeath_Haaraloth","e430"
"","Gibeon_man","e5de"
"","Gibeon_village","e431"
"","Giddalti","e857"
"","Giddel","e836"
"","Gideon","ed03"
"","Gideoni","e2bd"
"","Gidom","e57b"
"","gift","e072"
"","Gihon","eddf"
"","Gilalai","e891"
"","Gilead_land","efa1"
"","Gilead_man","e3ab"
"","Gilgal","e432"
"","Giloh","e509"
"","Gimzo","e91a"
"","Ginath","e691"
"","Ginnethon","e892"
"","Girgashites","ede1"
"","girl","e009"
"","girls","e00a"
"","Gittaim","e489"
"","give","e086"
"","glass","ecde"
"","glory","e217"
"","gluttony","ea8c"
"","go","e381"
"","go_down","e080"
"","Goah","e904"
"","goat","ea7d"
"","God","e036"
"","godly","e130"
"","Gog_land","ecf7"
"","Gog_man","e62b"
"","Goiim","ede2"
"","Golan","e468"
"","gold","eb2a"
"","Golgotha","e34b"
"","Goliath","e462"
"","Gomer_man","ede3"
"","Gomer_woman","e596"
"","Gomorrah","ea7a"
"","gong","ebe5"
"","good","e096"
"","Goshen","efbf"
"","gospel","e22b"
"","governor","e0a3"
"","Gozan","e619"
"","grace","e01f"
"","grain","e279"
"","grape","ecf4"
"","grass","ea33"
"","grateful","e20e"
"","Greece","e345"
"","greed","ea94"
"","green","ecd1"
"","greeting","e051"
"","grey","e611"
"","grind","e83d"
"","groom","e013"
"","grow","e154"
"","guard","e0c1"
"","guilt","ea84"
"","Guni","efc1"
"","Gur","e61a"
"","Haahashtari","e6ec"
"","Habaiah","e837"
"","Habakkuk","e95f"
"","Habazziniah","e905"
"","Habor","e62c"
"","Hadad","efa2"
"","Hadadezer","e5d1"
"","Hadar","e1af"
"","Hadashah","e50a"
"","Hadid","e838"
"","Hadlai","e2f6"
"","Hadoram","ede4"
"","Hadrak","e6c5"
"","Haeleph","e650"
"","Hagab","e83e"
"","Hagabah","e83f"
"","Hagar","ecab"
"","Haggai","e48c"
"","Haggedolim","e893"
"","Haggi","efc2"
"","Haggiah","e66e"
"","Haggith","e4b2"
"","hail","ea13"
"","hail_storm","ecdd"
"","hair","e208"
"","Hakaliah","e894"
"","Hakilah","e6cf"
"","Hakkatan","e8dc"
"","Hakkoz","e6ed"
"","Hakupha","e840"
"","Halah","e61b"
"","half","ea22"
"","Halhul","e50b"
"","Hali","e5a6"
"","Hallohesh","e895"
"","Ham_man","ede5"
"","Ham_village","ede6"
"","Haman","e4a0"
"","Hamath","e716"
"","Hamathites","ede7"
"","Hammath_man","ef30"
"","Hammedatha","e47f"
"","Hammoleketh","e774"
"","Hammoth_Dor","e502"
"","Hammuel","e6ee"
"","Hamor","eb5d"
"","Hamul","efc3"
"","Hamutal","e6aa"
"","Hanamel","e906"
"","Hanan","e5df"
"","Hananel","e896"
"","Hanani","e692"
"","Hananiah","e66f"
"","hand","e071"
"","Hannathon","e5a7"
"","Hanniel","e3e5"
"","Hanun","e71a"
"","Hapharaim","e5a8"
"","Happizzez","e7d4"
"","happy","e205"
"","Hara","e62d"
"","Haradah","e3de"
"","Haran_land","eb0b"
"","Haran_man","efa4"
"","Harbona","e38f"
"","hard","e269"
"","Hareph","e775"
"","Harhaiah","e897"
"","Harhas","e68b"
"","Harhur","e841"
"","Harim","e7d5"
"","Harnepher","e7b4"
"","Harod","e57c"
"","Harosheth","e57d"
"","harp","ecc6"
"","harsh","eca7"
"","Harsha","e842"
"","Harum","e6ef"
"","Harumaph","e898"
"","Haruphite","ef22"
"","Haruz","e6ab"
"","harvest","e082"
"","harvester","e139"
"","Hasadiah","e6f0"
"","Hashabiah","e5e0"
"","Hashabnah","e899"
"","Hashabneiah","e89a"
"","Hashbaddanah","e89b"
"","Hashmonah","e3df"
"","Hashubah","e6f1"
"","Hashum","e843"
"","Hassenaah","e89c"
"","Hassenuah","e5e1"
"","Hasshub","e5e2"
"","Hassophereth","e844"
"","Hasupha","e845"
"","hate","e01b"
"","Hathak","e4a1"
"","Hathath","e6f2"
"","Hatipha","e846"
"","Hatita","e847"
"","Hattil","e848"
"","Hattush","e6f3"
"","Hauran","e8f3"
"","have","e083"
"","Havilah_land","ede8"
"","Havilah_man","effa"
"","Hazael","e456"
"","Hazaiah","e89d"
"","Hazar_Enan","e3eb"
"","Hazar_Gaddah","e50c"
"","Hazar_Shual","e50d"
"","Hazarmaveth","ede9"
"","Hazer_Hattikon","e8f4"
"","Hazeroth","e2be"
"","Hazezon_Tamar","edea"
"","Haziel","e7b5"
"","Hazo","e1b0"
"","Hazor","e441"
"","Hazzelelponi","e6f4"
"","Hazzobebah","e6f5"
"","head","e206"
"","heal","e084"
"","health","e209"
"","heart","e29a"
"","heaven","e380"
"","heavy","e0e7"
"","Heber","e1b1"
"","Hebrew","ec8f"
"","Hebron_man","e478"
"","Hebron_village","edeb"
"","hedge","e28a"
"","Hegai_man","e41a"
"","hei","ee05"
"","height","ecc1"
"","heir","e018"
"","Helah","e6f6"
"","Helam","e71b"
"","Helbah","e57e"
"","Helbon","e8f5"
"","Heled","e807"
"","Helek","e3ac"
"","Heleph","e651"
"","Helez","e7b6"
"","Helkai","e89e"
"","Helkath","e503"
"","hell","e0d1"
"","Helon","e1fc"
"","help","e13a"
"","helper","e150"
"","Heman","e1b2"
"","Hemdan","eff4"
"","Hen","e8f0"
"","Hena","e61c"
"","Henadad","e849"
"","Hepher","e3ad"
"","Hephzibah","e6ac"
"","here","e212"
"","Heres","e559"
"","Heresh","e5e3"
"","Hermas","ebc4"
"","Hermes_idol","eb2f"
"","Hermes_man","ebed"
"","Hermogenes","ecb5"
"","Herod","e360"
"","Herodians","ea05"
"","Herodias","e355"
"","Herodion","ebf1"
"","Heshbon","e3ae"
"","Heshmon","e50e"
"","Heth","edec"
"","Hethlon","e8f6"
"","Hezekiah","ea62"
"","Hezion","e5d2"
"","Hezir","e7d6"
"","Hezro","e808"
"","Hezron","ea4f"
"","hide","e085"
"","Hiel","e693"
"","Hierapolis","ece9"
"","Hilkiah","e5e4"
"","hill","e202"
"","Hillel","e51e"
"","Hirah","e1b3"
"","Hiram","e5d3"
"","hire","e13b"
"","Hittites","eded"
"","Hivites","edee"
"","Hizki","e670"
"","Hobab","e1fd"
"","Hobah","edef"
"","Hod","e7b7"
"","Hodaviah","e5e5"
"","Hodesh","e671"
"","Hodiah","e6f7"
"","Hoglah","e3af"
"","Hoham","e433"
"","hole","e302"
"","Holon","e504"
"","holy","e13c"
"","Holy_Spirit","ef01"
"","honey","e052"
"","honor","e031"
"","hope","e213"
"","Hophni","e4ea"
"","Hophra","e907"
"","Hor_Haggidgad","e3ec"
"","Horam","e434"
"","Horesh","e7eb"
"","Hori","eff5"
"","Horites","edf1"
"","Hormah","e2f8"
"","horn","ecc5"
"","Horonaim","e8ba"
"","horse","e303"
"","Hosah_man","e5af"
"","Hosah_village","e581"
"","hosanna","e216"
"","Hosea","ebc5"
"","Hoshaiah","e89f"
"","Hoshama","e6f8"
"","Hotham","e7b8"
"","Hothir","e858"
"","hour","e331"
"","house","e171"
"","how","e068"
"","how_long","e83c"
"","Hubbah","e7b9"
"","Hul","edf2"
"","Huldah","e68c"
"","human_nature","e23d"
"","humble","e19d"
"","Humtah","e50f"
"","hungry","e01e"
"","Hupham","e3b0"
"","Huppah","e7d7"
"","Huppim","efc5"
"","Hur","e2e0"
"","Hurai","e809"
"","Huri","e62e"
"","husband","e012"
"","Hushah","e6f9"
"","Hushai","e96c"
"","Husham","e1b4"
"","Hushathite","e927"
"","Hushim_man","efc6"
"","Hushim_woman","e672"
"","Hymenaeus","ecaa"
"","hymn","e0e3"
"","Ibhar","e6d7"
"","Ibleam","e469"
"","Ibneiah","e5e6"
"","Ibnijah","e5e7"
"","Ibri","e7d8"
"","Ibsam","e7ba"
"","Ibzan","e51f"
"","Ichabod","e7de"
"","Iconium","ec1f"
"","Idalah","e582"
"","Idbash","e6fa"
"","Iddo","e96d"
"","idol","e35d"
"","Iezer","e3b1"
"","if","e111"
"","Igal","e1fe"
"","Igdaliah","e908"
"","ignorant","e06e"
"","Ijon","e5d4"
"","Ikkesh","e80a"
"","Illyricum","ebc6"
"","Imlah","e69d"
"","immeasurable","e18c"
"","Immer_land","e84a"
"","Immer_man","e5e8"
"","Imnah","efc7"
"","impossible","e180"
"","Imrah","e7bb"
"","Imri","e5e9"
"","in","e240"
"","in_front","e112"
"","incense","ec98"
"","India","e4a2"
"","inheritance","e017"
"","insect","e304"
"","Iob","e0ee"
"","Iphdeiah","e673"
"","Iphtah","e510"
"","Iphtah_El","e583"
"","Ir","e7d9"
"","Ir_Nahash","e6fb"
"","Ira","e71c"
"","Irad","edf3"
"","Iram","eff6"
"","Iri","e7bc"
"","Irijah","e909"
"","Iron","e584"
"","iron","eb29"
"","Irpeel","e652"
"","Iru","e6fc"
"","Isaac","e374"
"","Isaiah","e372"
"","Ishbah","e6fd"
"","Ishbak","eeda"
"","Ishbosheth","e48a"
"","Ishdod","e7bd"
"","Ishi","e62f"
"","Ishiah","e7be"
"","Ishmael","e1b5"
"","Ishmaiah","e80b"
"","Ishmerai","e674"
"","Ishpah","e675"
"","Ishpan","e676"
"","Ishvah","efc8"
"","Ishvi","efc9"
"","Iskah","eedb"
"","island","eb05"
"","Ismakiah","e91c"
"","Israel","ea04"
"","Issachar_land","ef23"
"","Issachar_man","ecce"
"","Italy","ec90"
"","Ithai","e80c"
"","Ithamar","e2e1"
"","Ithiel","e8a0"
"","Ithlah","e585"
"","Ithmah","e80d"
"","Ithnan","e511"
"","Ithran","e1b6"
"","Ithream","e6fe"
"","Ittai","e8c0"
"","Ituraea","ec3e"
"","Ivvah","e61d"
"","Iye_Abarim","e3b2"
"","Izhar","e2c1"
"","Izliah","e677"
"","Izrahiah","e7bf"
"","Izziah","e8dd"
"","Jaakobah","e6ff"
"","Jaalah","e84b"
"","Jaareshiah","e678"
"","Jaasiel","e80e"
"","Jaasu","e8de"
"","Jaazaniah","e7cd"
"","Jaaziah","e7da"
"","Jaaziel","e7c0"
"","Jabal","e1b7"
"","Jabbok","efca"
"","Jabesh_man","e6ad"
"","Jabesh_village","e4eb"
"","Jabez","e6d8"
"","Jabin","e55b"
"","Jabneel","e512"
"","Jacob","e375"
"","Jada","e7c1"
"","Jaddua","e8a1"
"","Jadon","e8a2"
"","Jael","e55c"
"","Jagur","e513"
"","Jahath","e679"
"","Jahaz","e3b3"
"","Jahaziel","e8df"
"","Jahdai","e7c2"
"","Jahdiel","e630"
"","Jahdo","e631"
"","Jahleel","efcb"
"","Jahmai","e7c3"
"","Jahzeiah","e8e0"
"","Jahzerah","e5ea"
"","Jahziel","e1b8"
"","Jair","e3cc"
"","Jairus","e367"
"","Jakeh","e6c9"
"","Jakim","e67a"
"","Jakin","e1b9"
"","Jalam","eff7"
"","Jalon","e6d9"
"","Jambres","ecbc"
"","James","e376"
"","James_the_Disciple","e358"
"","Jamin","efcc"
"","Jamlech","e6da"
"","Janai","e632"
"","Janim","e514"
"","Jannai","ec46"
"","Jannes","ecbe"
"","Janoah","e46a"
"","Japheth","edf4"
"","Japhia_man","e435"
"","Japhia_village","e586"
"","Japhlet","e46b"
"","jar","e0d5"
"","Jared","ec62"
"","Jarha","ef17"
"","Jarib","e8e1"
"","Jarmuth","e436"
"","Jaroah","e633"
"","Jashen","e7f7"
"","Jashobeam","e810"
"","Jashub","e389"
"","Jason","eb64"
"","Jathniel","e67b"
"","Jattir","e505"
"","Javan","e1ba"
"","Jazer","e38a"
"","Jaziz","e859"
"","jealous_God","e973"
"","jealous_man","e2fe"
"","Jeatherai","e67c"
"","Jeberekiah","e6c6"
"","Jebusites","e1e5"
"","Jechoniah","ea66"
"","Jedaiah","e5eb"
"","Jediael","e67d"
"","Jedidah","e8c2"
"","Jegar_Sahadutha","e1e6"
"","Jehallelel","e6db"
"","Jehdeiah","e7db"
"","Jehiah","e7c4"
"","Jehieli","e67e"
"","Jehoaddah","e67f"
"","Jehoaddan","e6af"
"","Jehoahaz","e6ae"
"","Jehohanan","e680"
"","Jehoiachin","e41b"
"","Jehoiada","e4b3"
"","Jehonadab","e6dc"
"","Jehoshaphat","ea5d"
"","Jehosheba","e61e"
"","Jehozabad","e681"
"","Jehozadak","e47e"
"","Jehu","e597"
"","Jehud","e587"
"","Jehudi","e90a"
"","Jehukal","e90b"
"","Jekameam","e7c5"
"","Jekoliah","e6b0"
"","Jekuthiel","e6dd"
"","Jemimah","ef19"
"","Jemuel","efcd"
"","Jephthah","ed04"
"","Jephunneh","e3ee"
"","Jerah","edf5"
"","Jerahmeel","e7c6"
"","Jeremiah","ea28"
"","Jeremoth","e682"
"","Jeriah","e683"
"","Jeribai","e814"
"","Jericho","ea08"
"","Jeriel","e74e"
"","Jerioth","e77e"
"","Jeroboam","e457"
"","Jeroham","e4ec"
"","Jerusalem","e338"
"","Jerushah","e6b1"
"","Jeshanah","e91d"
"","Jeshebeab","e6d5"
"","Jesher","e934"
"","Jeshishai","e634"
"","Jeshohaiah","e6de"
"","Jeshua_village","e4f4"
"","Jesimiel","e6df"
"","Jesse","ea58"
"","Jesus","e037"
"","Jether","e57f"
"","Jetheth","eff8"
"","Jethro","e0cc"
"","Jetur","eedc"
"","Jeuel","e5ec"
"","Jeush","e1bb"
"","Jeuz","e935"
"","Jew","e0f9"
"","Jezaniah","e90c"
"","Jezebel","eca2"
"","Jezer","e1bc"
"","Jeziel","e815"
"","Jezreel_man","e598"
"","Jezreel_village","e46c"
"","Jidlaph","efce"
"","Joab","e4b4"
"","Joah","e61f"
"","Joanan","ec4c"
"","Joanna","ec63"
"","Joash","e458"
"","Job","ed0b"
"","Jobab","edf6"
"","Jochebed","e2c4"
"","Joda","e91f"
"","Joed","e8a3"
"","Joel","ec92"
"","Joelah","e816"
"","Joezer","e817"
"","Jogbehah","e3cd"
"","Jogli","e3ef"
"","Joha","e936"
"","Johanan","e937"
"","John","e35a"
"","John_the_Baptist","e336"
"","Johozadak","e494"
"","Joiakim","e8a4"
"","Joiarib","e8a5"
"","Jokdeam","e515"
"","Jokim","e6e0"
"","Jokneam","e442"
"","Jokshan","eedd"
"","Joktan","e1bd"
"","Joktheel","e516"
"","Jonah","e0c5"
"","Jonah_Simons_father","ea29"
"","Jonam","ec9b"
"","Jonathan","e48b"
"","Joppa","ec2d"
"","Jorah","e84c"
"","Jorai","e635"
"","Joram","ea5e"
"","Jordan_River","e34f"
"","Jorim","ec64"
"","Jorkeam","e7af"
"","Joseph","ea15"
"","Joses","e369"
"","Joshah","e6e1"
"","Joshaviah","e818"
"","Joshbekashah","e85a"
"","Joshibiah","e6e2"
"","Joshua_man","eb03"
"","Josiah","ea65"
"","Jotbathah","e3f0"
"","Jotham","eb82"
"","Jubal","edf7"
"","Judah_land","e426"
"","Judah_man","ea4b"
"","Judas","e368"
"","Judas_Iscariot","e365"
"","Judea","e339"
"","judge","e1a2"
"","Judith","edf8"
"","Julia","ebc7"
"","Julius","ec07"
"","jump","ed0a"
"","Junia","ebc8"
"","Jushab_Hesed","e6e3"
"","justice","ea25"
"","justify","eb4f"
"","Justus","eb6a"
"","Juttah","e506"
"","Kabbon","e517"
"","Kabul","e588"
"","Kabzeel","e518"
"","Kadesh","edf9"
"","Kadmiel","e84d"
"","Kadmonites","efd1"
"","Kain","e519"
"","Kalkol","e96e"
"","Kallai","e8a6"
"","Kalneh","edfa"
"","Kamon","e520"
"","Kanah_brook","e46d"
"","Kanah_village","e46e"
"","Kareah","e7ce"
"","Karka","e51a"
"","Karkor","e580"
"","Karmi","efd2"
"","Kartah","e653"
"","Kasiphia","e8e2"
"","Kasluhites","edc9"
"","Kattath","e589"
"","Kebar_Canal","e8f7"
"","Kedar","eede"
"","Kedemah","eedf"
"","Kedemoth","e49a"
"","Kedorlaomer","edfb"
"","keep","e099"
"","Kehelathah","e3f1"
"","Keilah_man","e6e4"
"","Keilah_village","e51b"
"","Kelal","e8e3"
"","Kelita","e8a7"
"","Kelub","e6e5"
"","Keluhi","e8e4"
"","Kemuel","efd3"
"","Kenaanah","e69f"
"","Kenani","e8a8"
"","Kenaniah","e938"
"","Kenath","e3ce"
"","Kenaz","efd4"
"","Kenites","efd5"
"","Kephar_Ammon","e654"
"","Kephirah","e437"
"","Keran","eff9"
"","Keren_Happuch","ef14"
"","Kerethites","e52e"
"","Kerioth","e459"
"","Kerith","e694"
"","Keros","e84e"
"","Kerub","e84f"
"","Kesed","efd6"
"","Kesil","e52f"
"","Keturah","eee1"
"","key","ea9d"
"","Keziah","ef12"
"","Kezib","e1bf"
"","Kibroth_Hattaavah","e2a0"
"","Kibzaim","e655"
"","Kidon","e636"
"","Kidron_Valley","eba6"
"","Kilion","e41f"
"","kill","e141"
"","Kilmad","e921"
"","Kimham","e7f8"
"","Kinah","e530"
"","kind_nice","e01c"
"","king","e028"
"","kingdom","e02f"
"","Kinnereth","e3f2"
"","Kir","e45a"
"","Kiriath_Huzoth","e2f9"
"","Kiriath_Jearim","e438"
"","Kish","eb49"
"","Kishi","e65e"
"","Kishion","e4e0"
"","Kishon","e55d"
"","Kislon","e3f3"
"","Kisloth_Tabor","e58a"
"","kiss","e0e8"
"","Kitlish","e531"
"","Kitron","e55e"
"","Kittim_man","edfc"
"","kneel","e138"
"","knife","e24e"
"","knock","eb8b"
"","know","e062"
"","Kohath","efd8"
"","Kol_Hozeh","e8aa"
"","Kolaiah","e8a9"
"","Konaniah","e813"
"","Korah","ecf3"
"","Kozbi","e3d1"
"","Kozeba","e6e6"
"","Kuthah","e6b3"
"","Laadah","e6e7"
"","Laban","edfd"
"","Lachish","e439"
"","Ladan","e939"
"","Lael","e2a1"
"","Lahad","e6e8"
"","Lahmas","e532"
"","Lahmi","e6e9"
"","Laish_man","e3ea"
"","Laish_village","e55f"
"","lake","ec65"
"","Lakkum","e58b"
"","Lamech","ec66"
"","lamp","e164"
"","lampstand","e281"
"","land","e153"
"","language","ea23"
"","Laodicea","ebf9"
"","Lappidoth","e560"
"","Lasea","ec16"
"","Lasha","e1c0"
"","Lasharon","e443"
"","last","e234"
"","late","e225"
"","Latin","eba8"
"","laugh","e224"
"","law","e22f"
"","Lazarus","ec67"
"","lead","e137"
"","leaf","e0b3"
"","Leah","efd9"
"","lease","e175"
"","least","e397"
"","leather","e255"
"","leave","e243"
"","leaven","e32d"
"","Lebanah","e850"
"","Lebanon","e599"
"","Lebaoth","e533"
"","Lebo_Hamath","e2a2"
"","Lebonah","e561"
"","left","e0f4"
"","leg","ebe0"
"","Legion","e366"
"","Lehabites","e1c1"
"","Lehi","e562"
"","Lekah","e6ea"
"","Lemuel","e6ca"
"","length","ecc2"
"","leopard","ecf8"
"","leprosy","e382"
"","letter","eb84"
"","Letush","eee2"
"","Leummim","eee3"
"","Levi","eb1b"
"","Levi_Matthew","e35c"
"","Libnah","e3f4"
"","Libni","e2e2"
"","Libya","eb73"
"","lift","e081"
"","light","e0c2"
"","lightning","ea88"
"","Likhi","e7ad"
"","linen","ea20"
"","Linus","ecb0"
"","lion","ecb6"
"","Lo_Debar","e45b"
"","locust","ecd4"
"","Lois","ecb7"
"","looks_like","ebcd"
"","lost","e089"
"","Lot","ebdc"
"","Lotan","effb"
"","lots","ea16"
"","loud","ebe8"
"","love","e01a"
"","lower_adj","e324"
"","Lucius","ec93"
"","Lud","e1c2"
"","Ludites","e1ea"
"","Luke","eb68"
"","lunatic","e06d"
"","lust","e239"
"","Luz","edfe"
"","Lycaonia","eb51"
"","Lycia","ec13"
"","Lydda","ec2e"
"","Lydia","eb50"
"","Lysanias","ec40"
"","Lysias","ec37"
"","Lystra","eb44"
"","Maadai","e8e5"
"","Maai","e8ab"
"","Maakah_man","efda"
"","Maakah_woman","e2d8"
"","Maakath_land","e483"
"","Maakath_man","e49c"
"","Maasai","e5ed"
"","Maaseiah","e79e"
"","Maath","ec4b"
"","Maaz","e79f"
"","Maaziah","e7ae"
"","Macedonia","ec0d"
"","Machir_man","e2d1"
"","Machpelah","eee4"
"","Madai","edff"
"","Madmannah_man","e7a1"
"","Madmannah_village","e534"
"","Madmenah","e717"
"","Madon","e444"
"","Magadan","ea30"
"","Magbish","e851"
"","Magdiel","effc"
"","magician","ec8a"
"","Magog_land","ecf9"
"","Magog_man","eea1"
"","Magpiash","e8ac"
"","Mahalalel","ec68"
"","Mahalath","eea2"
"","Mahanaim","efdb"
"","Mahaneh_Dan","e563"
"","Maharai","e819"
"","Mahazioth","e85b"
"","Mahlah_man","e7ac"
"","Mahlah_woman","e38c"
"","Mahli","e2c5"
"","Mahlon","e420"
"","Mahol","e96f"
"","Mahseiah","e90d"
"","Makaz","e970"
"","Makbannai","e81a"
"","Makbenah","e7a0"
"","make","e076"
"","Makheloth","e3f5"
"","Maki","e2a3"
"","Makir","e46f"
"","Makkedah","e414"
"","Maknadebai","e8e6"
"","Malachi","e7ef"
"","Malchus","ebb7"
"","Malkam","e93a"
"","Malki_Shua","e4ed"
"","Malkiel","efcf"
"","Malkijah","e5ee"
"","Malkiram","e6eb"
"","Mallothi","e85c"
"","Malluk","e93b"
"","Malta","ec19"
"","Mamre","eea3"
"","man","e000"
"","Manaen","eb40"
"","Manahath_man","e1c3"
"","Manahath_village","e93c"
"","Manasseh_land","e470"
"","Manasseh_man","ea63"
"","manna","eba9"
"","Manoah","e564"
"","many","e198"
"","Maon_man","e47c"
"","Maon_village","e521"
"","Marah","e0cd"
"","Maralah","e58c"
"","Marduk_Baladan","e6b4"
"","Mareshah_man","e979"
"","Mareshah_village","e493"
"","Mark","e371"
"","market_place","e02e"
"","Maroth","e3b6"
"","marriage","e010"
"","Martha","ec69"
"","Mary","e354"
"","Mary_Magdalene","e353"
"","Mashal","e93d"
"","Masrekah","effd"
"","Massa","eee5"
"","Massah","e2c3"
"","Matred","effe"
"","Mattan","e620"
"","Mattanah","e38d"
"","Mattaniah","e5ef"
"","Mattatha","ec9c"
"","Mattathias","ec9d"
"","Mattattah","e8e7"
"","Mattenai","e8ad"
"","Matthan","ea71"
"","Matthat","ed12"
"","Matthew","eb04"
"","Mattithiah","e1c4"
"","mature","e236"
"","me","e166"
"","Me_Jarkon","e58d"
"","Me_Zahab","efff"
"","meaning","ecfa"
"","measure","e305"
"","Medad","e2a4"
"","Medan","eee7"
"","Medeba","e38e"
"","Media","eb70"
"","Megiddo","ecfb"
"","Mehetabel_man","ee10"
"","Mehetabel_woman","eff0"
"","Mehida","e852"
"","Mehir","e729"
"","Mehujael","eea4"
"","Mekonah","e8ae"
"","Melatiah","e8af"
"","Melchi","ec45"
"","Melchizedek","ed05"
"","Melea","ec6a"
"","Melek","e5f0"
"","member","e174"
"","Memphis","e7cb"
"","Menahem","e6b5"
"","Menna","ec6b"
"","Meonothai","e72a"
"","Mephaath","e4e1"
"","Mephibosheth","e527"
"","Merab","e7ec"
"","Meraiah","e8b0"
"","Meraioth","e637"
"","Merari","efdc"
"","mercy","e01d"
"","Mered","e72b"
"","Meremoth","e8b1"
"","Meribah","e2c7"
"","Merom","e58e"
"","Meronoth","e85d"
"","Meroz","e565"
"","Mesha_land","eea5"
"","Mesha_man","e93e"
"","Meshech_land","e87e"
"","Meshech_man","eea6"
"","Meshezabel","e8b2"
"","Meshillemith","e638"
"","Meshobab","e72c"
"","Meshullam","e639"
"","Meshullemeth","e6b6"
"","Mesopotamia","eb72"
"","messenger","e136"
"","metal","eb28"
"","Methuselah","ec6c"
"","Methushael","eea7"
"","Mibsam","eee6"
"","Mibzar","e1c5"
"","Micah","e522"
"","Micaiah","e68d"
"","Michael_angel","ece1"
"","Michael_man","e2a5"
"","Michal","e7ed"
"","Michmash","e7df"
"","Middin","e535"
"","Midian_land","eb0f"
"","Midian_man","e1eb"
"","Migdal_El","e58f"
"","Migdalgad","e536"
"","Migdol","e0ce"
"","Migron","e7e0"
"","Mijamin","e7b0"
"","Mika","e528"
"","Mikloth","e63a"
"","Mikmethath","e471"
"","Mikneiah","e7a2"
"","Mikri","e63b"
"","Milalai","e8b3"
"","Miletus","eb23"
"","milk","eca3"
"","Milkah","eee8"
"","million","ecd9"
"","mind","e06c"
"","Miniamin","e8b4"
"","Minni","e910"
"","Minnith","e566"
"","miracle","e095"
"","Miriam_man","e72d"
"","Miriam_woman","e385"
"","Mirmah","e93f"
"","mirror","ebe6"
"","Mishael","e2dc"
"","Mishal","e4e2"
"","Misham","e940"
"","Mishma","e1c6"
"","Mishmannah","e81b"
"","Mispar","e8d1"
"","Mispereth","e8b5"
"","Misrephoth_Maim","e54a"
"","Mithkah","e3f6"
"","Mithredath","e8d2"
"","Mitylene","eb21"
"","Mizpah","e2cf"
"","Mizraim","eea8"
"","Mizzah","e1c7"
"","Mnason","eb26"
"","Moab_land","e2fa"
"","Moab_man","eea9"
"","Moadiah","e8b6"
"","mock","ea12"
"","Moladah","e537"
"","Molech","ec26"
"","Molid","e7a3"
"","money","e029"
"","month","e34c"
"","moon","e272"
"","Mordecai","e4a3"
"","more","e199"
"","Moreh","eeaa"
"","Moresheth","e4a9"
"","Moriah","efdd"
"","morning","e163"
"","Moserah","e485"
"","Moseroth","e3f7"
"","Moses","e35b"
"","most","e229"
"","mother","e00b"
"","Mount_Carmel","e45c"
"","Mount_Ebal","e415"
"","Mount_Ephron","e90f"
"","Mount_Gerizim","e416"
"","Mount_Gilboa","e4ef"
"","Mount_Halak","e44e"
"","Mount_Hermon","e49d"
"","Mount_Hor","e3b4"
"","Mount_Nebo","e486"
"","Mount_of_Olives","e351"
"","Mount_Peor","e392"
"","Mount_Perazim","e6c7"
"","Mount_Pisgah","e393"
"","Mount_Shepher","e3f8"
"","Mount_Sinai","eb5c"
"","Mount_Tabor","e567"
"","Mount_Zalmon","e568"
"","Mount_Zion","ecf5"
"","mountain","e306"
"","mouth","e03f"
"","move","e32f"
"","Moza","e63c"
"","Mozah","e656"
"","Muppim","efde"
"","murderer","ea10"
"","Mushi","e2c6"
"","mustard","e039"
"","mute","e050"
"","Myra","ec28"
"","myrrh","e245"
"","Mysia","eb4a"
"","mystery","e18b"
"","Naam","e72e"
"","Naamah_village","e538"
"","Naamah_woman","eeab"
"","Naaman","ec6d"
"","Naarah_village","e472"
"","Naarah_woman","e477"
"","Naarai","e81c"
"","Nabal","e7ee"
"","Naboth","e695"
"","Nadab","e2e3"
"","Naggai","ec4a"
"","Nahalal","e4e3"
"","Nahaliel","e394"
"","Naham","e72f"
"","Nahamani","e8b7"
"","Naharai","e81d"
"","Nahash","e7e1"
"","Nahath","e1c8"
"","Nahbi","e2a6"
"","Nahor","ec6e"
"","Nahshon","ea52"
"","Nahum","ec48"
"","nail","ebaa"
"","Nain","ea48"
"","Nakon","e916"
"","name","e04f"
"","Naomi","e421"
"","Naphish","eee9"
"","Naphoth_Dor","e971"
"","Naphtali_land","e5d6"
"","Naphtali_man","ea40"
"","Naphtuh","eeac"
"","Narcissius","ebc9"
"","Nathan","ec6f"
"","Nathan_Melek","e6b7"
"","Nazareth","e34e"
"","Nazarite","e395"
"","Neah","e590"
"","Neapolis","eb4e"
"","near","e300"
"","Neariah","e730"
"","Nebai","e8b8"
"","Nebaioth","eead"
"","Neballat","e86e"
"","Nebat","e5d7"
"","Nebo_idol","e917"
"","Nebo_Sarsekim","e912"
"","Nebo_village","e3f9"
"","Nebuchadnezzar","e41c"
"","Nebushazban","ef25"
"","Nebuzaradan","e8c3"
"","Necho","e6b8"
"","neck","e0d3"
"","Nedabiah","e731"
"","need","e07f"
"","needle","e078"
"","Negev","eeae"
"","Nehemiah","e98a"
"","Nehushta","e6b9"
"","Neiel","e591"
"","neighbor","e173"
"","Nekoda","e8d3"
"","Nemuel","e396"
"","Nepheg","e2e4"
"","Nephtoah","e539"
"","Nephusim","e869"
"","Ner","e5c6"
"","Nereus","ebca"
"","Nergal_Sharezer","e911"
"","Neri","ec70"
"","Neriah","e913"
"","nest","e399"
"","net","e307"
"","Netaim","e732"
"","Nethanel","e2ff"
"","Nethaniah","e785"
"","Netophah","e7a4"
"","new","e308"
"","Neziah","e8d4"
"","Nezib","e53a"
"","Nibshan","e53b"
"","Nicanor","eb55"
"","Nicodemus","ebab"
"","Nicolaus","eb56"
"","Nicopolis","ed08"
"","Nile","efdf"
"","Nimrah","e3cf"
"","Nimrod","eeaf"
"","Nimshi","e5d8"
"","nine","e294"
"","Nineveh","e0c6"
"","no","e17c"
"","Noadiah_man","e2f3"
"","Noadiah_woman","e86a"
"","Noah_man","ea43"
"","Noah_woman","e47a"
"","Nob","e463"
"","Nobah_land","e3d0"
"","Nobah_man","e412"
"","Nod","eeb1"
"","Nodab","ef21"
"","Nogah","e81e"
"","Nohah","e941"
"","Nophah","e39b"
"","north","ea74"
"","nose","e309"
"","now","e215"
"","number","e0b7"
"","Nun","e2e6"
"","Nympha","ecea"
"","Obadiah","e44f"
"","Obal","eeb2"
"","Obed","ea56"
"","Obed_Edom","e63d"
"","obey","e04e"
"","Obil","e85e"
"","Oboth","e39c"
"","ocean","e14d"
"","Oded","ef24"
"","offering","e03a"
"","Og","e39d"
"","Ohad","efe1"
"","Ohel","e733"
"","Oholah","e8f8"
"","Oholiab","e0cf"
"","Oholibah","e8f9"
"","Oholibamah_man","e0ac"
"","Oholibamah_woman","efe0"
"","oil","e030"
"","Okran","e2a7"
"","old","e189"
"","olive","eda1"
"","Olympus","ebcb"
"","Omar","e1c9"
"","Omri","e60e"
"","on","e113"
"","On_city","efe2"
"","On_man","ef71"
"","Onam","e1ca"
"","Onan","e1cb"
"","one","e28c"
"","Onesimus","ecb8"
"","Ono","e942"
"","open","e18a"
"","Ophel","e861"
"","Ophir_land","e5d9"
"","Ophir_man","eeb3"
"","Ophni","e657"
"","Ophrah_man","e2b6"
"","Ophrah_village","e569"
"","or","e106"
"","Oreb","e56a"
"","Oren","e7a5"
"","Orpah","e422"
"","other","e184"
"","Othni","e943"
"","Othniel","e53c"
"","out","e241"
"","owe","ea49"
"","own","eced"
"","ox","ea85"
"","Ozem","e7a6"
"","Ozni","e39e"
"","Pachereth_Hazzebaim","e8ca"
"","Paddan_Aram","eeea"
"","Padon","e8d5"
"","Pagiel","e2a8"
"","Pahath_Moab","e8d0"
"","pain","e24f"
"","Palal","e86b"
"","Pallu","e1cc"
"","Palti","e1f0"
"","Paltiel","e3fb"
"","Pamphylia","eb6e"
"","Paphos","eb9f"
"","Parah","e658"
"","paralyze","e131"
"","Paran","eeeb"
"","Parmenas","eb57"
"","Parnak","e3fc"
"","Parosh","e8ce"
"","part","e29b"
"","Parthia","eb0a"
"","Paruah","e5aa"
"","Parvaim","e865"
"","Pasak","e7a7"
"","Paseah","e726"
"","Pashhur","e63e"
"","passion","ebac"
"","Passover","e20d"
"","past","e16d"
"","pastor","ecc3"
"","Patara","ec23"
"","Pathrusites","eeb4"
"","patient","e16f"
"","Patmos","ebf4"
"","Patrobas","ebcc"
"","Pau","efd0"
"","Paul","e377"
"","pavement","ebad"
"","peace","e123"
"","Pedahel","e3fd"
"","Pedahzur","e2aa"
"","Pedaiah","e6ba"
"","Pekah","e684"
"","Pekahiah","e6bb"
"","Pelaiah","e734"
"","Pelaliah","e86c"
"","Pelatiah","e735"
"","Peleg","ec71"
"","Pelet","e7a8"
"","Peleth","e2fb"
"","Pelethites","e4b5"
"","pen","e29c"
"","Peniel_man","e976"
"","Peniel_village","efe4"
"","Peninnah","e4f0"
"","Pentecost","ec81"
"","people","e127"
"","perceive","e06a"
"","Peresh","e7a9"
"","Perez","ea4c"
"","perfume","e097"
"","Perga","eb47"
"","Pergamum","ebf6"
"","period","e37e"
"","Perizzites","eeb5"
"","persecution","e03e"
"","Persia","e4a4"
"","Persis","ebce"
"","person","e11f"
"","Peruda","e8cf"
"","Pethahiah","e7b1"
"","Pethor","e2fc"
"","Pethuel","e424"
"","Peullethai","e944"
"","Phanuel","ec3c"
"","Pharaoh","ec94"
"","Pharisee","e383"
"","Phicol","eeb6"
"","Philadelphia","ebf8"
"","Philemon","ecf2"
"","Philetus","ecac"
"","Philip","e361"
"","Philippi","e347"
"","Philistia","eeb7"
"","Philologus","ebcf"
"","philosopher","ec04"
"","Phinehas","e2c9"
"","Phlegon","ebd1"
"","Phoebe","ebd2"
"","Phoenicia","e343"
"","Phoenix","ec29"
"","Phrygia","eb76"
"","Phygelus","ecb9"
"","Pi_Hahiroth","e0da"
"","pig","e30a"
"","pigeon","e0b6"
"","Pilate","e36f"
"","Pildash","efe3"
"","Pilha","e86d"
"","pillar","eca8"
"","pillow","e26c"
"","Piltai","e86f"
"","Pinon","efc0"
"","Piram","e417"
"","Pirathon","e523"
"","Pishon","eeb8"
"","Pisidia","eb97"
"","Pispah","e7aa"
"","pitch","eeb9"
"","Pithom","e0db"
"","Pithon","e63f"
"","Plain_of_Dura","e853"
"","plan","e06b"
"","plate","e386"
"","plow","ec72"
"","pn","ed11"
"","Pokereth_Hazzebaim","e870"
"","Pontus","eb75"
"","poor","ea3a"
"","porch","eb5e"
"","Porcius","ec38"
"","possessive","e390"
"","possible","e098"
"","Potiphar","eeec"
"","Potiphera","e1cd"
"","pour","e0d6"
"","power","e124"
"","praise","e04b"
"","pray","e05e"
"","preach","e04d"
"","preacher","e134"
"","precious","ea37"
"","pregnant","e0a5"
"","prepare","e091"
"","press","e228"
"","pretend","e094"
"","priest","e03b"
"","prince","eb61"
"","priority","ebe7"
"","Priscilla","eb18"
"","prison","e172"
"","prisoner","e145"
"","Prochorus","eb53"
"","profit","e035"
"","promise","e37a"
"","prophesy","e23b"
"","prophet","e135"
"","prostitute_man","e5da"
"","prostitute_woman","ecfc"
"","proverb","ec73"
"","Ptolemais","ec08"
"","Puah_man","e1d3"
"","Puah_woman","e0dc"
"","Publius","ec1a"
"","Pudens","ecba"
"","punishment","e1d0"
"","Punon","e3fe"
"","Purah","e5b2"
"","purple","e286"
"","put","e07e"
"","Put_man","eeba"
"","Puteoli","ec1e"
"","Putiel","e2ca"
"","Pyrrhus","eb1c"
"","Quartus","ebd3"
"","queen","eb15"
"","question_mark","e316"
"","questioned","e061"
"","quiet","e185"
"","Quirinius","ec3b"
"","quotation_mark","ee03"
"","Raamah_man","eebb"
"","Raamah_village","e920"
"","Rabbah","e49e"
"","Rabbith","e507"
"","Rachel","ea41"
"","Raddai","e7ab"
"","Rahab","ea55"
"","Raham","e78a"
"","rain","ea3e"
"","rainbow","ecdc"
"","Rakem","e78b"
"","Rakkath","e659"
"","Ram","ea50"
"","Ramah","ea42"
"","Ramath_Lehi","e5b3"
"","Ramathaim","e4f1"
"","Rameses","efb4"
"","Ramiah","e8e9"
"","Ramoth_Gilead","e473"
"","Raphu","e2e9"
"","Reaiah","e640"
"","Reba","e3c4"
"","Rebekah","ebd4"
"","rebuke","e060"
"","Recab","e529"
"","receive","e1a3"
"","reckon","ebc0"
"","reconcile","e026"
"","red","e287"
"","redeem","e02c"
"","reed","ea26"
"","Reelaiah","e8cb"
"","Regem","e78c"
"","Regem_Melek","e5c8"
"","Rehabiah","e945"
"","Rehob_land","e2ea"
"","Rehob_man","ef26"
"","Rehoboam","ea5a"
"","Rehoboth","eebc"
"","Rehum","e8cc"
"","Rei","e4b6"
"","Rekah","e736"
"","Rekem_city","e418"
"","Rekem_man","e3c3"
"","religion","ec33"
"","Remaliah","e685"
"","remember","e0d8"
"","repeat","e049"
"","repent","e320"
"","Rephael","e946"
"","Rephah","e78d"
"","Rephaiah","e64d"
"","Rephaim","eebd"
"","Rephidim","e0dd"
"","Resen","eebe"
"","Resheph","e78e"
"","result","e237"
"","resurrect","e329"
"","Reu","ec74"
"","Reuben","ecc0"
"","Reuel","e1ce"
"","Reumah","efc4"
"","reward","e02d"
"","Rezeph","e6bc"
"","Rezin","e686"
"","Rezon","e5db"
"","Rhegium","ec1d"
"","Rhesa","ec75"
"","Rhoda","eb92"
"","Rhodes","eb25"
"","rib","eebf"
"","Ribai","e81f"
"","Riblah","e3ff"
"","right","e0f3"
"","right_time","ed10"
"","righteous","e090"
"","Rimmon_man","e52b"
"","Rimmon_Perez","e400"
"","Rimmon_village","e53d"
"","ring","ebdf"
"","Rinnah","e737"
"","Riphath","eec1"
"","Rissah","e401"
"","Rithmah","e402"
"","river","e30b"
"","Rizia","e78f"
"","Rizpah","e755"
"","road","e23c"
"","robber","e0e9"
"","rock","e26a"
"","Rogelim","e7f9"
"","Rohgah","e790"
"","Romamti_Ezer","e85f"
"","Rome","eb16"
"","room","eb06"
"","rooster","e25d"
"","root","e15c"
"","Rosh","e1d2"
"","rough","ec99"
"","Rufus","e36e"
"","Rumah","e6bd"
"","run","e258"
"","Ruth","ea57"
"","Sabbath","e160"
"","Sabtah","eec2"
"","Sabteka","eec3"
"","sacrifice","e0b5"
"","sad","e207"
"","Sadducee","ea03"
"","sail","e267"
"","Sakar","e947"
"","Sakia","e948"
"","Salamis","ebe1"
"","Salathiel","ec76"
"","Salekah","e445"
"","Salim","ebae"
"","Salma","e791"
"","Salmon","ea53"
"","Salmone","ec15"
"","Salome","e379"
"","salt","e046"
"","Salu","e403"
"","salvation","eb80"
"","Samaria","ea83"
"","Samaritan","ea7b"
"","same","e24b"
"","Samlah","efb0"
"","Samos","ec25"
"","Samothrace","eb4c"
"","Samson","ed06"
"","Samuel","eb8e"
"","Sanballat","e872"
"","sanctuary","eb01"
"","sand","ecfd"
"","Sansannah","e60b"
"","Saph","e756"
"","Sapphira","eb66"
"","Sarah","ebd5"
"","Sarai","eec4"
"","Saraph","e738"
"","Sardis","ebf7"
"","Sargon","e8bb"
"","Sarid","e592"
"","Sashak","e94c"
"","Satan","e335"
"","Saul","eb54"
"","save","e214"
"","Savior","ec85"
"","scatter","ea34"
"","scepter","e404"
"","Sceva","eb19"
"","scorpion","ec77"
"","Scythia","eceb"
"","Sea_of_Galilee","e350"
"","Sea_of_Reeds","eb0c"
"","Sea_of_Tiberias","ebaf"
"","sealed","e221"
"","search","e074"
"","Seba_land","e544"
"","Seba_man","eec5"
"","Sebam","e49b"
"","Secacah","e53f"
"","secret","e186"
"","Secundus","eb1d"
"","seed","e27a"
"","Segub","e696"
"","Seir","eec6"
"","Seled","e792"
"","Seleucia","eb42"
"","self","ea95"
"","sell","e32b"
"","Semakiah","e949"
"","Semein","ec9e"
"","Senaah","e8cd"
"","send","e075"
"","Sennacherib","e621"
"","Seorim","e7b2"
"","Sephar","eec7"
"","Sepharvaim","e622"
"","Serah","e1d4"
"","Sered","edd1"
"","Sergius","eb45"
"","Serug","ec78"
"","servant","e12d"
"","serve","e08e"
"","Seth","ec79"
"","Sethur","e2eb"
"","seven","e292"
"","sew","e077"
"","sex","ea87"
"","Shaalbim","e5b4"
"","Shaaph","e793"
"","Shaaraim","e6d1"
"","Shaashgaz","e41d"
"","Shabbethai","e873"
"","shade","e079"
"","Shaharaim","e94a"
"","Shahazumah","e593"
"","shake","e27d"
"","Shallum","e641"
"","Shalmai","e980"
"","Shalmaneser","e623"
"","Shama","e820"
"","shame","e065"
"","Shamgar","e5b5"
"","Shamir_man","e47d"
"","Shamir_village","e524"
"","Shammah","efa0"
"","Shammai","e739"
"","Shammua","e2ec"
"","Shamsherai","e94b"
"","Shapham","e642"
"","Shaphan","e68e"
"","Shaphat","e1e8"
"","Shaphir","e4aa"
"","Sharai","e8ea"
"","share","e07a"
"","Sharezer","e5c9"
"","Sharon","ec2b"
"","sharp","ebf3"
"","Shashai","e8eb"
"","Shashak","e981"
"","Shaul","e1d5"
"","shave","eb27"
"","Shaveh_Kiriathaim","eec8"
"","Sheal","e8ec"
"","Shear_Jashub","e687"
"","Sheariah","e643"
"","Sheba_land","e425"
"","Sheba_man","eec9"
"","Shebaniah","e795"
"","Sheber","e796"
"","Shebna","e624"
"","Shechem_city","ec95"
"","Shechem_man","ec97"
"","Shedeur","e2ed"
"","sheep","e270"
"","Sheerah","e794"
"","Shehariah","e94d"
"","Shekaniah","e73a"
"","Shelah","ec7a"
"","Shelemiah","e874"
"","Sheleph","eeca"
"","Shelesh","e797"
"","Shelomi","e405"
"","Shelomith_man","e2f1"
"","Shelomith_woman","e543"
"","Shelumiel","e2ee"
"","Shem","ec7b"
"","Shema_man","e555"
"","Shema_village","e541"
"","Shemaah","e821"
"","Shemaiah","e786"
"","Shemariah","e787"
"","Shemeber","eecb"
"","Shemed","e94e"
"","Shemer","e697"
"","Shemida","e39f"
"","Shemiramoth","e798"
"","Shemuel","e411"
"","Shenazzar","e73b"
"","Sheol","e0c9"
"","Shepham","e406"
"","Shephatiah","e644"
"","shepherd","e271"
"","Shepho","e1d6"
"","Shephupham","e3a0"
"","Sherebiah","e875"
"","Sheresh","e799"
"","Sheshai","e2d3"
"","Sheshan","e79a"
"","Sheshbazzar","e8c8"
"","Shethar_Bozenai","e8c7"
"","Sheva","e79b"
"","Shibah","e1d7"
"","shield","e388"
"","Shihor","e54b"
"","Shihor_Libnath","e594"
"","Shikkeron","e542"
"","Shilhi","e6a0"
"","Shilhim","e54c"
"","Shillem","edd5"
"","Shiloh","e1d8"
"","Shilshah","e79c"
"","Shimeam","e645"
"","Shimeath","e6be"
"","Shimei","e2cb"
"","Shimon","e73c"
"","Shimrath","e94f"
"","Shimri","e950"
"","Shimrith","e91e"
"","Shimron_man","efe7"
"","Shimron_village","e446"
"","Shimshai","e8ee"
"","Shinab","eecc"
"","Shinar","eecd"
"","Shion","e607"
"","Shiphi","e73d"
"","Shiphrah","e0de"
"","Shiphtan","e407"
"","Shisha","e5ab"
"","Shishak","e5dc"
"","Shitrai","e860"
"","Shittim","e408"
"","Shiza","e822"
"","Shobab","e69b"
"","Shobai","e8c6"
"","Shobak","e71d"
"","Shobal","e1d9"
"","Shobek","e876"
"","Shobi","e7fa"
"","shoe","e12e"
"","Shoham","e7b3"
"","shoulder","e132"
"","shout","e149"
"","show","e162"
"","Shua_man","e1e7"
"","Shua_woman","e79d"
"","Shuah","eeee"
"","Shual_man","e5b0"
"","Shubael","e951"
"","Shuhah","e73e"
"","Shuham","e3b7"
"","Shunem","e4b7"
"","Shuni","e0e0"
"","Shur","e1da"
"","Shuthelah","e3b8"
"","Siaha","e8c5"
"","Sibbekai","e73f"
"","Sibmah","e3d2"
"","Sibraim","e8fa"
"","sick","e20a"
"","Siddim","eece"
"","side","e10d"
"","Sidon_city","e33c"
"","Sidon_man","eecf"
"","sigh","e047"
"","sign","e0a9"
"","Sihon","e3b9"
"","Silas","eb41"
"","Silla","e6bf"
"","Siloam_city","ebb1"
"","silver","eb2b"
"","Simeon_land","e788"
"","Simon","ea47"
"","Simon_Jesus_Brother","ea92"
"","Simon_of_Cyrene","e37c"
"","Simon_Peter","e356"
"","Simon_the_Canaanite","e364"
"","Simon_the_Leper","e0f8"
"","sin","e08f"
"","Sin","e0ea"
"","sing","e0e2"
"","single_quote","ee04"
"","Sinim","e918"
"","Sinites","eed1"
"","sinner","e151"
"","Siphmoth","e720"
"","Sippai","e740"
"","Sirah","e7fb"
"","Sisera","e5b6"
"","Sismai","e777"
"","sister","e00e"
"","sisters","e00f"
"","Sithri","e2e5"
"","Sitnah","eed2"
"","six","e291"
"","skull","e20f"
"","sky","ec8b"
"","slave","e10e"
"","sleep","e121"
"","slow","e19c"
"","small","e19b"
"","smaller","e32e"
"","smoke","ec03"
"","smooth","ec9a"
"","Smyrna","ebf5"
"","snake","e30c"
"","snow","ebfb"
"","Sodi","e2d4"
"","Sodom","ea8e"
"","soft","e268"
"","Soko","e741"
"","Sokoh","e54d"
"","soldier","e12f"
"","Solomon","ea32"
"","son","e004"
"","Son_of_Man","e352"
"","sons","e005"
"","Sopater","ec20"
"","sorcery","ec8c"
"","Sorek","e5b7"
"","Sosthenes","eb3c"
"","Sotai","e8c4"
"","soul","e10f"
"","sound","ebe9"
"","south","ea31"
"","sow","e07d"
"","sower","e133"
"","Spain","ebd6"
"","spice","ecfe"
"","spirit","e187"
"","spit","e048"
"","sponge","ea18"
"","spot","ed01"
"","spy","ed07"
"","Stachys","ebd7"
"","staff","e14c"
"","stair","e0d9"
"","stand","e32c"
"","star","e0c3"
"","start","e231"
"","stay","e83b"
"","steal","e07b"
"","stem","ea01"
"","Stephanas","ebea"
"","Stephen","eb6b"
"","stern","e266"
"","stewardship","e07c"
"","stick","e398"
"","Stoic","ec06"
"","stomach","e0c8"
"","stop","e073"
"","storehouse","ec43"
"","storm","e27c"
"","story","e22d"
"","straight","e313"
"","stranger","e069"
"","strangled","eb33"
"","stretch","e31c"
"","string","ecc7"
"","strong","e08a"
"","stumble","e257"
"","stumbling_block","ea27"
"","Suah","e776"
"","Succoth_city","e0a0"
"","Succoth_land","e2e7"
"","suffering","e222"
"","Sukkites","e811"
"","summer","e0c4"
"","sun","e15f"
"","sundown","e161"
"","Suphah","e3d5"
"","Susa","e4a5"
"","Susanna","ec7c"
"","sweet","e30d"
"","sword","e282"
"","Syene","e8fb"
"","synagogue","e0b9"
"","Syntyche","ece6"
"","Syracuse","ec1c"
"","Syria","e342"
"","Taanach","e447"
"","Tabaliah","e952"
"","Tabbaoth","e8d7"
"","Tabbath","e5b8"
"","Tabeel","e688"
"","Taberah","e2d5"
"","table","e280"
"","Tabor_village","e65d"
"","Tabrimmon","e5f1"
"","Tadmor","e866"
"","Tahan","e476"
"","Tahash","e1db"
"","Tahath_land","e409"
"","Tahath_man","e974"
"","Tahpanhes","e87a"
"","Tahrea","e646"
"","tail","ecd6"
"","Talmai","e2d6"
"","Talmon","e647"
"","Tamar","ea4e"
"","tambourine","e413"
"","Tanhumeth","e7cf"
"","Taphath","e5ac"
"","Tappuah_man","e778"
"","Tappuah_village","e448"
"","Taralah","e65a"
"","Tarshish_man","eed3"
"","Tarshish_village","eed4"
"","Tarsus","ec30"
"","taste","ea07"
"","Tattenai","e8d8"
"","tax","e02b"
"","tax_collector","e12a"
"","teach","e04c"
"","teacher","e12b"
"","Tebah_man","e0b0"
"","Tebah_village","e742"
"","teeth","e0b1"
"","Tehinnah","e743"
"","Tekoa_land","e8c1"
"","Tekoa_man","e1ff"
"","Tekoa_village","e45d"
"","Tel_Assar","e6c0"
"","Telah","e779"
"","Telem_man","e2a9"
"","Telem_village","e54e"
"","Tema_land","ea60"
"","Tema_man","eeed"
"","Temah","e8bc"
"","Teman_land","e1e1"
"","Teman_man","ef90"
"","Temeni","e744"
"","temple","e03d"
"","tempt","e183"
"","ten","e295"
"","tent","eb32"
"","Terah_land","e40a"
"","Terah_man","ec7d"
"","Teresh","e4a6"
"","Tertius","ebee"
"","Tertullus","eb9b"
"","test","ec21"
"","testimony","e22e"
"","Thaddaeus","e37b"
"","Thebes","e44a"
"","Thebez","e5b9"
"","Theophilus","eb67"
"","Thessalonica","eb12"
"","Theudas","eb71"
"","they","e125"
"","thigh","ed0d"
"","thing","e105"
"","thirst","eccf"
"","this","e226"
"","Thomas","e363"
"","thorn","e27b"
"","thousand","e296"
"","three","e28e"
"","threshing","ea39"
"","threshing_floor","ec42"
"","throne","ec84"
"","through","e10b"
"","throw","e327"
"","Thummim","e0eb"
"","thunder","e044"
"","Thyatira","eb52"
"","Tiberias_city","ebb0"
"","Tiberius_man","ec3d"
"","Tibni","e612"
"","Tidal","eed5"
"","tie","e30e"
"","Tiglath_Pileser","e648"
"","Tigris","eed6"
"","Tikvah","e68f"
"","Tilon","e745"
"","Timaeus","e36c"
"","time","e16a"
"","Timna_man","e0ad"
"","Timna_woman","ef80"
"","Timnah","e1dc"
"","Timnath_Heres","e5ba"
"","Timnath_Serah","e4e4"
"","Timon","ec96"
"","Timothy","ec02"
"","Tiphsah","e5ad"
"","Tiras","eed7"
"","Tirhakah","e6c1"
"","Tirhanah","e77a"
"","Tiria","e746"
"","Tirzah_village","e449"
"","Tirzah_woman","e3ba"
"","Tishbe","e625"
"","tithe","ed0f"
"","Titus","eb38"
"","Tob","e5bb"
"","Tob_Adonijah","e789"
"","Tobiah","e751"
"","toe","e2c8"
"","Togarmah","eed8"
"","together_people","e126"
"","Tohu","e4f2"
"","Token","e747"
"","Tola","e0c0"
"","tomb","e178"
"","tongue","e045"
"","tool","eb34"
"","Tophel_land","e487"
"","Topheth","e6c2"
"","Tou","e748"
"","touch","e10c"
"","tower","e30f"
"","Trachonitis","ec3f"
"","transfiguration","e31f"
"","tree","e244"
"","tribe","ea81"
"","Troas","ec0b"
"","Trophimus","eb1e"
"","trouble","e333"
"","true","e09c"
"","trumpet","ea79"
"","trust","e023"
"","try","eb94"
"","Tryphaena","ebd8"
"","Tryphosa","ebd9"
"","Tubal","eed9"
"","Tubal_Cain","eeef"
"","twin","ec1b"
"","two","e28d"
"","Tychicus","ecbb"
"","type","ed00"
"","Tyrannus","eb3f"
"","Tyre","e33b"
"","Ulai_Canal","e854"
"","Ulam","e953"
"","Ulla","e77b"
"","Ummah","e608"
"","under","e10a"
"","understand","e063"
"","unity","e297"
"","unleavened","e043"
"","Unni","e77c"
"","untie","e37f"
"","until","e16c"
"","up","e315"
"","Ur_land","efa5"
"","Ur_man","e823"
"","Urbanus","ebda"
"","Uri","e2e8"
"","Uriah","ea46"
"","Uriel","e954"
"","Urim","e2cc"
"","us","e167"
"","use","e08d"
"","Uthai","e649"
"","Uz_land","e1dd"
"","Uz_man","eef1"
"","Uzai","e877"
"","Uzal","eef2"
"","Uzzah","e64a"
"","Uzzi","e64b"
"","Uzzia","e824"
"","Uzziah","ea5f"
"","Uzziel","e2f2"
"","valley","eba7"
"","Valley_of_Eskol","e2d7"
"","Vaniah","e8ef"
"","Vashti","e4a7"
"","vendor","e0b4"
"","very","e211"
"","victory","eb14"
"","village","e19a"
"","vine","ec91"
"","vineyard","e27f"
"","virgin","ea7e"
"","voice","e042"
"","Vophsi","e40b"
"","Waheb","e3bb"
"","waist","e391"
"","wait","ea11"
"","walk","e256"
"","wall","e288"
"","war","e283"
"","wash","e08b"
"","watchman","e0a8"
"","watchtower","e23a"
"","water","e247"
"","wave","e328"
"","weak","ea24"
"","weary","ebfe"
"","wedding","e011"
"","week","ebb2"
"","weigh","e0e6"
"","well","ebb3"
"","west","ea89"
"","what","e109"
"","wheels","e7d0"
"","where","e15a"
"","whip","e310"
"","white","e285"
"","who","e1a1"
"","why","e067"
"","wide","ecc4"
"","widow","e016"
"","wife","e014"
"","wild","e17e"
"","wilderness","e156"
"","wind","e220"
"","window","e311"
"","wine","e275"
"","wing","eb7d"
"","winnowing_fork","ec41"
"","winter","e16b"
"","wisdom","e064"
"","with","e24c"
"","woman","e008"
"","wool","ebfa"
"","word","ebb4"
"","Word","ebb8"
"","work","e08c"
"","world","e129"
"","worm","ea06"
"","wormwood","ecd3"
"","worse","e182"
"","worth","e09b"
"","wrap","ea19"
"","wrath_of_God","e02a"
"","writer","e12c"
"","wrong","ea02"
"","Yahweh","e0c7"
"","year","e15e"
"","yellow","ecdb"
"","yoke","eb09"
"","you","e314"
"","young","e0f1"
"","Zaanan","e4ab"
"","Zaanannim","e5bc"
"","Zaavan","ef70"
"","Zabad","e77d"
"","Zabdi","e54f"
"","Zabdiel","e863"
"","Zabud","e5ae"
"","Zacchaeus","ec7e"
"","Zaccur","e1f1"
"","Zadok","ea6d"
"","Zaham","e7c7"
"","Zakkai","e8bd"
"","Zalaph","e878"
"","Zalmon","e95d"
"","Zalmonah","e40c"
"","Zalmunna","e5bd"
"","Zanoah_man","e749"
"","Zanoah_village","e550"
"","Zaphon","e525"
"","Zarephath","ec7f"
"","Zarethan","e4e5"
"","Zattu","e8be"
"","Zaza","e95c"
"","Zebadiah","e955"
"","Zebah","e5be"
"","Zebedee","e359"
"","Zebidah","e6c3"
"","Zebina","e914"
"","Zeboim","e879"
"","Zeboyim","eef3"
"","Zebul","e5bf"
"","Zebulun_land","e5c0"
"","Zebulun_man","ea3f"
"","Zechariah","ea98"
"","Zedad","e40d"
"","Zedekiah","e6a1"
"","Zeeb","e5c1"
"","Zeker","e956"
"","Zelah","e65b"
"","Zelek","e825"
"","Zelophehad","e3bc"
"","Zemaraim","e701"
"","Zemarites","eef4"
"","Zemirah","e77f"
"","Zenas","ed09"
"","Zephaniah","e60f"
"","Zephath","e5c2"
"","Zepho","e1de"
"","Zephon","e0d0"
"","Zer","e609"
"","Zerah","ea4d"
"","Zerahiah","e957"
"","Zered","e3bd"
"","Zeredah","e5f2"
"","Zeresh","e4a8"
"","Zereth","e74a"
"","Zereth_Shahar","e551"
"","Zeri","e864"
"","zero","e28b"
"","Zeror","e6d2"
"","Zeruah","e5f3"
"","Zerubbabel","ea69"
"","Zeruiah","e4dd"
"","Zetham","e958"
"","Zethan","e780"
"","Zeus","eb2d"
"","Zia","e64c"
"","Ziba","e52c"
"","Zibeon","ef60"
"","Zibia","e959"
"","Zibiah","e71f"
"","Zichri","e2cd"
"","Ziddom","e60a"
"","Ziha","e8bf"
"","Ziklag","e52d"
"","Zillah","eef5"
"","Zillethai","e95a"
"","Zilpah","efa6"
"","Zimmah","e95b"
"","Zimran","e1df"
"","Zimri","e40e"
"","Zin","e1f2"
"","Zior","e552"
"","Ziph_man","e556"
"","Ziph_village","e553"
"","Ziphah","e74b"
"","Ziphron","e40f"
"","Zippor","e2fd"
"","Zipporah","e2ce"
"","Ziza","e74c"
"","Zoan","e1f3"
"","Zoar","eef6"
"","Zobah","e7e2"
"","Zohar","efa7"
"","Zoheleth","e4de"
"","Zoheth","e74d"
"","Zophah","e781"
"","Zophar","e7c9"
"","Zophim","e3be"
"","Zorah","e554"
"","Zuar","e1f4"
"","Zuph","e4f3"
"","Zur","e410"
"","Zuriel","e1f5"
"","Zurishaddai","e1f6"
"","Zuzites","eef7"
